[
{
    "model": "componentes.manufacturer",
    "pk": 1,
    "fields": {
        "name": "Require take either health. Mrs return structure per mouth.",
        "website": "http://www.martin.info/tag/searchmain.asp",
        "established": "2014-07-01",
        "active": true
    }
},
{
    "model": "componentes.manufacturer",
    "pk": 2,
    "fields": {
        "name": "Eat indicate example style go care drug.",
        "website": "https://french.net/categories/list/tagscategory.asp",
        "established": "2023-06-13",
        "active": true
    }
},
{
    "model": "componentes.manufacturer",
    "pk": 3,
    "fields": {
        "name": "Too beat painting sport decide space set. At get trip ground. Responsibility surface strategy.",
        "website": "http://www.murray.com/exploreprivacy.html",
        "established": "2023-09-06",
        "active": true
    }
},
{
    "model": "componentes.manufacturer",
    "pk": 4,
    "fields": {
        "name": "What nearly get people offer fact determine. Under happen study hour management concern.",
        "website": "https://www.lowe.com/list/blogcategory.html",
        "established": "1987-09-09",
        "active": true
    }
},
{
    "model": "componentes.manufacturer",
    "pk": 5,
    "fields": {
        "name": "Fall teach too dark lay guy. Certainly amount form technology.",
        "website": "https://www.yu.net/tags/tags/tagspost.htm",
        "established": "1999-08-08",
        "active": true
    }
},
{
    "model": "componentes.manufacturer",
    "pk": 6,
    "fields": {
        "name": "End property in Mr. Professor not deal include campaign gas change energy.",
        "website": "https://www.hamilton.org/app/tagpost.asp",
        "established": "1987-07-24",
        "active": true
    }
},
{
    "model": "componentes.manufacturer",
    "pk": 7,
    "fields": {
        "name": "If should view one west. Own price worry treatment same. Drug skin kid serious candidate.",
        "website": "https://barton.biz/wp-content/tagabout.jsp",
        "established": "2016-11-14",
        "active": true
    }
},
{
    "model": "componentes.manufacturer",
    "pk": 8,
    "fields": {
        "name": "Good cell glass. Bed writer sort investment my explain performance player.",
        "website": "https://taylor.com/main/categorycategory.html",
        "established": "2005-11-06",
        "active": true
    }
},
{
    "model": "componentes.manufacturer",
    "pk": 9,
    "fields": {
        "name": "Final know attack entire whom job. Short operation lay agreement land. Involve next laugh free.",
        "website": "https://calhoun-woodward.info/search/blog/categoryindex.htm",
        "established": "2019-01-13",
        "active": true
    }
},
{
    "model": "componentes.manufacturer",
    "pk": 10,
    "fields": {
        "name": "Great summer one production student. Goal morning born mother month effort.",
        "website": "http://baker.biz/blogauthor.html",
        "established": "1975-04-26",
        "active": true
    }
},
{
    "model": "componentes.manufacturer",
    "pk": 11,
    "fields": {
        "name": "Wrong impact reveal Democrat to. Child call throw.\nAgreement mean music despite.",
        "website": "http://www.gonzalez-patterson.com/tagspost.jsp",
        "established": "1972-02-08",
        "active": true
    }
},
{
    "model": "componentes.manufacturer",
    "pk": 12,
    "fields": {
        "name": "Forget study bar. Go lawyer activity program late growth. May level most business inside but same.",
        "website": "https://diaz.com/tag/categories/tagshome.html",
        "established": "2019-09-21",
        "active": true
    }
},
{
    "model": "componentes.manufacturer",
    "pk": 13,
    "fields": {
        "name": "Describe magazine type down. Use medical vote goal fly.",
        "website": "https://lee-king.org/list/apphomepage.asp",
        "established": "1972-11-02",
        "active": true
    }
},
{
    "model": "componentes.manufacturer",
    "pk": 14,
    "fields": {
        "name": "Reason step half around. Test sure thousand together mission trial.",
        "website": "http://www.davidson-campbell.com/app/explorelogin.htm",
        "established": "2005-06-10",
        "active": true
    }
},
{
    "model": "componentes.manufacturer",
    "pk": 15,
    "fields": {
        "name": "Former site check bar pull face. Few trade record worry.",
        "website": "http://lara-anderson.com/tagsfaq.jsp",
        "established": "1972-09-04",
        "active": true
    }
},
{
    "model": "componentes.manufacturer",
    "pk": 16,
    "fields": {
        "name": "Action represent eat much. Turn give thing wear line hear.",
        "website": "http://pierce.org/categories/searchregister.php",
        "established": "1993-01-05",
        "active": true
    }
},
{
    "model": "componentes.manufacturer",
    "pk": 17,
    "fields": {
        "name": "Almost wrong six him development site account.",
        "website": "https://www.pena-george.com/blog/bloglogin.jsp",
        "established": "1985-03-09",
        "active": true
    }
},
{
    "model": "componentes.manufacturer",
    "pk": 18,
    "fields": {
        "name": "After worry early with. Fund recently price Democrat which today billion.",
        "website": "http://vaughn.com/apppost.jsp",
        "established": "2009-07-28",
        "active": true
    }
},
{
    "model": "componentes.manufacturer",
    "pk": 19,
    "fields": {
        "name": "Physical wait guess gas onto man. Lose exactly sort brother per appear practice.",
        "website": "https://taylor.org/tags/explore/searchhomepage.htm",
        "established": "1973-09-17",
        "active": true
    }
},
{
    "model": "componentes.manufacturer",
    "pk": 20,
    "fields": {
        "name": "Big key first although. Nation around source.",
        "website": "https://peters.com/category/postsprivacy.asp",
        "established": "2000-09-18",
        "active": true
    }
},
{
    "model": "componentes.manufacturer",
    "pk": 21,
    "fields": {
        "name": "Into bank company make real president body. Material different produce yet rich natural.",
        "website": "http://phillips-daniels.biz/list/tagsterms.html",
        "established": "2016-09-24",
        "active": true
    }
},
{
    "model": "componentes.manufacturer",
    "pk": 22,
    "fields": {
        "name": "Practice chance born player church might. Street whose bag.",
        "website": "http://www.fleming-horn.com/categories/wp-content/postspost.php",
        "established": "2015-09-29",
        "active": true
    }
},
{
    "model": "componentes.manufacturer",
    "pk": 23,
    "fields": {
        "name": "Although billion above head answer. Show little structure daughter spend.",
        "website": "http://burns.com/wp-contentfaq.php",
        "established": "2011-01-27",
        "active": true
    }
},
{
    "model": "componentes.manufacturer",
    "pk": 24,
    "fields": {
        "name": "On manage discover however road care I talk. Suddenly read test policy.",
        "website": "http://www.rodriguez.biz/blog/postshome.htm",
        "established": "1972-10-20",
        "active": true
    }
},
{
    "model": "componentes.manufacturer",
    "pk": 25,
    "fields": {
        "name": "As line page despite air TV. Happen leader unit know against onto. Off each attention act later.",
        "website": "http://www.hernandez.com/listhomepage.jsp",
        "established": "1985-08-22",
        "active": true
    }
},
{
    "model": "componentes.manufacturer",
    "pk": 26,
    "fields": {
        "name": "Begin site hold. Lead police just keep right none.",
        "website": "https://www.higgins-smith.com/tags/categoryprivacy.jsp",
        "established": "2022-06-30",
        "active": true
    }
},
{
    "model": "componentes.manufacturer",
    "pk": 27,
    "fields": {
        "name": "Lead way six interest give material carry idea. Sign serious fear.",
        "website": "http://potts-cross.com/postshomepage.php",
        "established": "1973-10-09",
        "active": true
    }
},
{
    "model": "componentes.manufacturer",
    "pk": 28,
    "fields": {
        "name": "Create prepare officer policy few leader issue toward. Thousand offer measure seat figure.",
        "website": "https://www.reed.com/categorysearch.php",
        "established": "1978-10-28",
        "active": true
    }
},
{
    "model": "componentes.manufacturer",
    "pk": 29,
    "fields": {
        "name": "Early go way force serve college.",
        "website": "https://www.torres.com/mainregister.jsp",
        "established": "2008-04-16",
        "active": true
    }
},
{
    "model": "componentes.manufacturer",
    "pk": 30,
    "fields": {
        "name": "Set great happy member it parent. Task stay left trial information. Approach his analysis.",
        "website": "https://bowman.com/list/tagprivacy.html",
        "established": "2021-06-20",
        "active": true
    }
},
{
    "model": "componentes.manufacturer",
    "pk": 31,
    "fields": {
        "name": "5 de enero de 1993",
        "website": "http://wwwgoogle.com",
        "established": "1993-01-05",
        "active": false
    }
},
{
    "model": "componentes.manufacturer",
    "pk": 32,
    "fields": {
        "name": "casa",
        "website": "http://wwwgoogle.com",
        "established": "2025-10-22",
        "active": true
    }
},
{
    "model": "componentes.companyinfo",
    "pk": 1,
    "fields": {
        "manufacturer": 7,
        "vat_number": "Eight television country soon support local main.",
        "contact_email": "jessicamoran@example.org",
        "address": "8105 Cheryl Gateway\nLake Pamelafurt, KY 95363"
    }
},
{
    "model": "componentes.companyinfo",
    "pk": 2,
    "fields": {
        "manufacturer": 14,
        "vat_number": "Letter keep across store modern.",
        "contact_email": "brittneychen@example.org",
        "address": "256 Rodriguez Expressway\nWesleyside, ID 21519"
    }
},
{
    "model": "componentes.companyinfo",
    "pk": 3,
    "fields": {
        "manufacturer": 2,
        "vat_number": "My beat item appear research people ask exactly.",
        "contact_email": "moyerjeff@example.net",
        "address": "USNV Hardy\nFPO AE 56477"
    }
},
{
    "model": "componentes.companyinfo",
    "pk": 4,
    "fields": {
        "manufacturer": 5,
        "vat_number": "Various several yet talk. See live now very.",
        "contact_email": "tcortez@example.net",
        "address": "951 Todd Walk\nAaronberg, HI 57719"
    }
},
{
    "model": "componentes.companyinfo",
    "pk": 5,
    "fields": {
        "manufacturer": 3,
        "vat_number": "Short recently compare she left ball beat enjoy.",
        "contact_email": "louis65@example.com",
        "address": "88486 Yates Radial\nRoblesville, OH 79797"
    }
},
{
    "model": "componentes.companyinfo",
    "pk": 6,
    "fields": {
        "manufacturer": 11,
        "vat_number": "Four yes help base report leader though.",
        "contact_email": "chadmorgan@example.net",
        "address": "Unit 8623 Box 2570\nDPO AP 35433"
    }
},
{
    "model": "componentes.companyinfo",
    "pk": 7,
    "fields": {
        "manufacturer": 8,
        "vat_number": "Husband former fly single especially huge.",
        "contact_email": "brennandeborah@example.org",
        "address": "243 Lee Roads\nTeresafurt, AL 26816"
    }
},
{
    "model": "componentes.companyinfo",
    "pk": 8,
    "fields": {
        "manufacturer": 4,
        "vat_number": "Performance spring lead front in sport space.",
        "contact_email": "smithmatthew@example.com",
        "address": "876 Avila Meadows\nLisaberg, MT 99740"
    }
},
{
    "model": "componentes.companyinfo",
    "pk": 9,
    "fields": {
        "manufacturer": 1,
        "vat_number": "Religious world stop according.",
        "contact_email": "katelynkaiser@example.net",
        "address": "1732 White Stream Apt. 074\nLivingstontown, WA 03237"
    }
},
{
    "model": "componentes.companyinfo",
    "pk": 10,
    "fields": {
        "manufacturer": 15,
        "vat_number": "Nation what pay peace nice.",
        "contact_email": "kristinawilliams@example.org",
        "address": "1349 Meredith Shoal\nPort Timothyfurt, NE 15943"
    }
},
{
    "model": "componentes.companyinfo",
    "pk": 11,
    "fields": {
        "manufacturer": 10,
        "vat_number": "After focus early day whole teacher size.",
        "contact_email": "jennifer21@example.com",
        "address": "65622 Smith Mall\nNorth Jacquelineport, AK 73278"
    }
},
{
    "model": "componentes.companyinfo",
    "pk": 12,
    "fields": {
        "manufacturer": 12,
        "vat_number": "Perform owner just by. Fear goal too.",
        "contact_email": "ofleming@example.org",
        "address": "9181 Richard Passage\nDavidtown, WI 90940"
    }
},
{
    "model": "componentes.companyinfo",
    "pk": 13,
    "fields": {
        "manufacturer": 6,
        "vat_number": "Yet future move.",
        "contact_email": "conleybetty@example.org",
        "address": "07161 Thompson Gateway Apt. 334\nHammondview, ME 21512"
    }
},
{
    "model": "componentes.companyinfo",
    "pk": 14,
    "fields": {
        "manufacturer": 13,
        "vat_number": "Employee thus land common save above.",
        "contact_email": "jeffery00@example.org",
        "address": "514 Rodriguez Grove\nCummingsmouth, IL 57722"
    }
},
{
    "model": "componentes.companyinfo",
    "pk": 15,
    "fields": {
        "manufacturer": 9,
        "vat_number": "Throw clear lawyer today nature.",
        "contact_email": "amywilson@example.net",
        "address": "Unit 3409 Box 2775\nDPO AE 35190"
    }
},
{
    "model": "componentes.companyinfo",
    "pk": 16,
    "fields": {
        "manufacturer": 22,
        "vat_number": "Watch add blood page phone last surface.",
        "contact_email": "amy29@example.org",
        "address": "073 Andrew Motorway\nMaryhaven, MO 86379"
    }
},
{
    "model": "componentes.companyinfo",
    "pk": 17,
    "fields": {
        "manufacturer": 24,
        "vat_number": "Speak station sport weight as you class.",
        "contact_email": "xmorrison@example.net",
        "address": "1146 Woods Islands Apt. 312\nNorth Timothyfurt, AL 32107"
    }
},
{
    "model": "componentes.companyinfo",
    "pk": 18,
    "fields": {
        "manufacturer": 18,
        "vat_number": "College always first specific.",
        "contact_email": "rogersjohnathan@example.com",
        "address": "2398 Amber Manor Apt. 935\nMcdonaldstad, FM 37235"
    }
},
{
    "model": "componentes.companyinfo",
    "pk": 19,
    "fields": {
        "manufacturer": 16,
        "vat_number": "Particular low buy so.",
        "contact_email": "usutton@example.com",
        "address": "13839 Patel Bypass Apt. 418\nClarkhaven, TX 52112"
    }
},
{
    "model": "componentes.companyinfo",
    "pk": 20,
    "fields": {
        "manufacturer": 25,
        "vat_number": "Seem daughter minute someone serve.",
        "contact_email": "djones@example.net",
        "address": "208 Ashlee Dale\nZavalatown, AR 54466"
    }
},
{
    "model": "componentes.companyinfo",
    "pk": 21,
    "fields": {
        "manufacturer": 19,
        "vat_number": "Trip arm answer third.",
        "contact_email": "catherine71@example.net",
        "address": "050 Joshua Tunnel\nFordton, AS 34091"
    }
},
{
    "model": "componentes.companyinfo",
    "pk": 22,
    "fields": {
        "manufacturer": 20,
        "vat_number": "Stop so collection clear light they.",
        "contact_email": "jordanbates@example.org",
        "address": "782 Dylan Mission Apt. 638\nHurstborough, AZ 33325"
    }
},
{
    "model": "componentes.companyinfo",
    "pk": 23,
    "fields": {
        "manufacturer": 23,
        "vat_number": "Activity network foot.",
        "contact_email": "manuelcampbell@example.com",
        "address": "737 Paul Isle Suite 013\nBriannashire, HI 66748"
    }
},
{
    "model": "componentes.companyinfo",
    "pk": 24,
    "fields": {
        "manufacturer": 26,
        "vat_number": "Mouth care beautiful gas top your son.",
        "contact_email": "russellerica@example.com",
        "address": "73351 Edwin Centers\nShawnfurt, SC 04625"
    }
},
{
    "model": "componentes.companyinfo",
    "pk": 25,
    "fields": {
        "manufacturer": 28,
        "vat_number": "Suddenly five director approach.",
        "contact_email": "ronaldsantos@example.net",
        "address": "Unit 2909 Box 0519\nDPO AP 30819"
    }
},
{
    "model": "componentes.companyinfo",
    "pk": 26,
    "fields": {
        "manufacturer": 27,
        "vat_number": "International Mr box carry about.",
        "contact_email": "stephenhughes@example.com",
        "address": "6051 Potter Lock Suite 185\nWest Edward, LA 00659"
    }
},
{
    "model": "componentes.companyinfo",
    "pk": 27,
    "fields": {
        "manufacturer": 30,
        "vat_number": "Up team allow important budget three goal.",
        "contact_email": "christina87@example.net",
        "address": "0048 Reyes Haven Suite 572\nStephanieton, AS 29706"
    }
},
{
    "model": "componentes.companyinfo",
    "pk": 28,
    "fields": {
        "manufacturer": 17,
        "vat_number": "Pass that on another.",
        "contact_email": "thomas56@example.net",
        "address": "35370 John Station\nJeffreyberg, CT 90864"
    }
},
{
    "model": "componentes.companyinfo",
    "pk": 29,
    "fields": {
        "manufacturer": 29,
        "vat_number": "Within their poor stuff stay.",
        "contact_email": "michael98@example.net",
        "address": "PSC 0496, Box 7913\nAPO AE 39921"
    }
},
{
    "model": "componentes.companyinfo",
    "pk": 30,
    "fields": {
        "manufacturer": 21,
        "vat_number": "Drop finally describe different phone.",
        "contact_email": "cclark@example.org",
        "address": "244 Ayala Plains Apt. 938\nEast Christopherberg, WY 31089"
    }
},
{
    "model": "componentes.category",
    "pk": 1,
    "fields": {
        "name": "Fast letter child southern whom. Since check some would.",
        "slug": "whatever-manager",
        "description": "Party resource night run rest. It police factor.\nDirection I city radio. Arm mind open live century.",
        "parent": null
    }
},
{
    "model": "componentes.category",
    "pk": 2,
    "fields": {
        "name": "Service society hope remember much beat treat base.",
        "slug": "present-hair-head",
        "description": "Participant throughout myself. Recognize into task there analysis figure. Against throughout appear avoid. Listen national western to.\nFederal society especially. Member event now consumer.",
        "parent": 1
    }
},
{
    "model": "componentes.category",
    "pk": 3,
    "fields": {
        "name": "Movement west fly last yes dog. Feel west resource.",
        "slug": "if-perform-stock",
        "description": "Explain writer easy assume join certain last. Owner should much reason part trade travel rock. Sense first gas peace.",
        "parent": 1
    }
},
{
    "model": "componentes.category",
    "pk": 4,
    "fields": {
        "name": "Benefit teach reality. Reflect game certain network hotel.",
        "slug": "help-would-price",
        "description": "Article seven notice power idea study teach. Professional eat both subject.\nEnd somebody reason three whom baby.",
        "parent": 1
    }
},
{
    "model": "componentes.category",
    "pk": 5,
    "fields": {
        "name": "Say reality discussion economic community.",
        "slug": "exist-certainly",
        "description": "That coach president. Authority too pull economic affect small. Director remain mention effort road point.",
        "parent": 1
    }
},
{
    "model": "componentes.category",
    "pk": 6,
    "fields": {
        "name": "System Democrat number operation policy worker low.",
        "slug": "popular-security",
        "description": "Exactly raise beyond white. Where only billion although suddenly marriage. Economy hope and sense interest wall.",
        "parent": 1
    }
},
{
    "model": "componentes.category",
    "pk": 7,
    "fields": {
        "name": "None country reality level during.",
        "slug": "opportunity-paper",
        "description": "Successful Mr answer. Me in significant shake billion pretty. Research see charge. Behavior behavior during commercial against form public force.",
        "parent": 2
    }
},
{
    "model": "componentes.category",
    "pk": 8,
    "fields": {
        "name": "Industry grow current but a.",
        "slug": "international",
        "description": "Realize yet measure public conference position. Speak company true hear. Knowledge religious public art beyond make.\nAcross likely community. Morning truth should matter piece.",
        "parent": 2
    }
},
{
    "model": "componentes.category",
    "pk": 9,
    "fields": {
        "name": "Assume big expect ready main newspaper until tax.",
        "slug": "crime-that-price",
        "description": "Daughter left discover know. Value total probably no in. Treatment hotel news piece.\nSpace recently alone often. Buy energy send design.",
        "parent": 8
    }
},
{
    "model": "componentes.category",
    "pk": 10,
    "fields": {
        "name": "Eye suffer data short although level authority.",
        "slug": "hot-reflect-drug",
        "description": "Information edge party drive. While around good camera. Consumer least move ten.\nSea pay head whether. Physical day speak room result. Kid must phone agency really hand interest.",
        "parent": 9
    }
},
{
    "model": "componentes.category",
    "pk": 11,
    "fields": {
        "name": "Building development executive professor organization.",
        "slug": "dog-low-room",
        "description": "Approach section result traditional use standard energy. Movement help attention term actually serve.",
        "parent": 7
    }
},
{
    "model": "componentes.category",
    "pk": 12,
    "fields": {
        "name": "Rise stand various around nor usually teach.",
        "slug": "report-goal-end",
        "description": "Room near method impact. Information public necessary common hold son memory. Care knowledge local matter huge officer.",
        "parent": 6
    }
},
{
    "model": "componentes.category",
    "pk": 13,
    "fields": {
        "name": "Avoid feeling network establish blue.",
        "slug": "enter-wind-those",
        "description": "Weight huge pressure each candidate. Man my more. Keep someone natural try tonight.\nSide before hand discussion prove stay rest case. Single fall paper ever similar.",
        "parent": 10
    }
},
{
    "model": "componentes.category",
    "pk": 14,
    "fields": {
        "name": "Involve and fish prepare catch.",
        "slug": "turn-he-civil",
        "description": "A action activity close throughout man. Culture section return change even plant city.\nWish town our decision road family. Consumer door finally church.",
        "parent": 13
    }
},
{
    "model": "componentes.category",
    "pk": 15,
    "fields": {
        "name": "East past claim opportunity. Follow close figure mouth.",
        "slug": "who-heart-paper",
        "description": "Wonder series data right almost. Cultural past particular travel list.\nThreat size blue success rate. Brother model chair of close short race.",
        "parent": 4
    }
},
{
    "model": "componentes.category",
    "pk": 16,
    "fields": {
        "name": "Mean human try goal.",
        "slug": "drop-anything-lead",
        "description": "Lawyer strategy south well voice quite. Security report executive. School put back change in financial read.\nOne have well must she someone.",
        "parent": null
    }
},
{
    "model": "componentes.category",
    "pk": 17,
    "fields": {
        "name": "Memory attention contain worker tell.",
        "slug": "father-check-view",
        "description": "Policy myself memory. Its tonight property leader eat relate attack. Concern event experience inside consumer.",
        "parent": 16
    }
},
{
    "model": "componentes.category",
    "pk": 18,
    "fields": {
        "name": "Second thank dog seven expect in. Glass book pull data.",
        "slug": "report-let-arrive",
        "description": "Them key build small time name better. Director operation field. Test woman order get stage what.\nPressure enjoy apply may box. East break natural citizen language research thank chair.",
        "parent": 17
    }
},
{
    "model": "componentes.category",
    "pk": 19,
    "fields": {
        "name": "View argue shoulder audience prove.",
        "slug": "audience-former",
        "description": "Camera daughter fast level condition. Respond deep room college baby less game.\nExplain guy often respond. Data fact in message Democrat. Station standard give course.",
        "parent": 17
    }
},
{
    "model": "componentes.category",
    "pk": 20,
    "fields": {
        "name": "Deal cover social look. International least nothing least.",
        "slug": "this-medical-which",
        "description": "Pretty red rest their.\nCause catch hair Mrs. Southern investment page turn run.\nHuman discuss create. Read also exactly article sport. Site record plant bring deep.",
        "parent": 16
    }
},
{
    "model": "componentes.category",
    "pk": 21,
    "fields": {
        "name": "Coach food case audience pass. Design later drop politics.",
        "slug": "parent-clearly-than",
        "description": "Forward have recently in. Turn story finally sound. Court listen big professional executive character.\nMost suggest real ever increase hand. Hot stage great best. Cold since leave give.",
        "parent": 20
    }
},
{
    "model": "componentes.category",
    "pk": 22,
    "fields": {
        "name": "Reach region environment information.",
        "slug": "institution-article",
        "description": "Soldier fly new respond happy. Suggest art big list people. Financial threat result partner.\nTell agreement Mrs think similar compare such radio. Head beyond single black without Mr.",
        "parent": 17
    }
},
{
    "model": "componentes.category",
    "pk": 23,
    "fields": {
        "name": "Couple wrong military explain later a people.",
        "slug": "participant",
        "description": "Kind television away collection artist take buy. Style lead health claim.\nClose side none top. Entire politics best while.",
        "parent": 21
    }
},
{
    "model": "componentes.category",
    "pk": 24,
    "fields": {
        "name": "Not lot quickly other simple without offer catch.",
        "slug": "them-them-morning",
        "description": "Modern soon white threat. Move vote effort sort important address today ground. My Mrs crime.\nAgent food case grow. Herself guess too. Anyone trouble trial everything leave within week.",
        "parent": 16
    }
},
{
    "model": "componentes.category",
    "pk": 25,
    "fields": {
        "name": "They image election indicate collection community life.",
        "slug": "much-so-cultural",
        "description": "Position quickly three at she could. Industry travel admit outside. Today hit east goal price standard.\nAttack member social picture particular fire.",
        "parent": 23
    }
},
{
    "model": "componentes.category",
    "pk": 26,
    "fields": {
        "name": "Unit over ever guy. Hold camera eye.",
        "slug": "free-form-these-at",
        "description": "Southern entire theory study teach. Maybe second or color. Should information building while.\nHalf hospital group staff. Past generation often.",
        "parent": 23
    }
},
{
    "model": "componentes.category",
    "pk": 27,
    "fields": {
        "name": "Contain memory address above sister step happen.",
        "slug": "number-large-turn",
        "description": "Its Mrs leave much not candidate. Our around magazine party kitchen forget cell half. Entire about manager sometimes low ok quality.",
        "parent": 17
    }
},
{
    "model": "componentes.category",
    "pk": 28,
    "fields": {
        "name": "Prevent kind agreement plan table week area soon.",
        "slug": "recognize-east-time",
        "description": "Officer gun throw without. Doctor idea operation air themselves pay final. Week indeed want better science.\nStrong tree live until community. Become save yes same manage.",
        "parent": 26
    }
},
{
    "model": "componentes.category",
    "pk": 29,
    "fields": {
        "name": "Very discuss give short light the letter.",
        "slug": "crime-officer-agree",
        "description": "Station store understand opportunity. Success down chair me gas sign woman.\nCost six picture accept I wife everyone. Small open exist think poor. When east no no certain.",
        "parent": 26
    }
},
{
    "model": "componentes.category",
    "pk": 30,
    "fields": {
        "name": "Ability a ready just. Right admit win move throw for.",
        "slug": "thousand-property",
        "description": "Executive thank it edge. Necessary agreement history such spring. Education summer trial analysis Mrs.",
        "parent": 26
    }
},
{
    "model": "componentes.category",
    "pk": 31,
    "fields": {
        "name": "prueba_de_slug_url",
        "slug": "componentes",
        "description": "esto es una prueba",
        "parent": 18
    }
},
{
    "model": "componentes.product",
    "pk": 1,
    "fields": {
        "sku": "Drive experience build style.",
        "name": "Before recently answer. Around low water staff amount often commercial. Stop health few they month best former. Month way until simple article east.",
        "description": "Beyond stay serve. In each entire significant. Suggest similar join short despite close tree reach.",
        "price": "0.35",
        "stock": 8682,
        "manufacturer": 7
    }
},
{
    "model": "componentes.product",
    "pk": 2,
    "fields": {
        "sku": "Far man in nothing.",
        "name": "Marriage travel dream space record successful course. Minute call receive brother several.",
        "description": "Decide economy night help quite. Alone alone network trial buy listen.\nCase yeah him organization. Move major field actually.\nRemember from drop part. Public her charge indicate power.",
        "price": "0.92",
        "stock": 4047,
        "manufacturer": 11
    }
},
{
    "model": "componentes.product",
    "pk": 3,
    "fields": {
        "sku": "Those still same worker.",
        "name": "Stay admit poor practice hold sister. Defense summer simple see onto fire.",
        "description": "Sometimes mean step above pay. Step indeed walk recognize.\nLeast government create stay sport. Less leave consider lay table. Modern go interest board.\nBar event rather hold institution beyond.",
        "price": "0.11",
        "stock": 23987,
        "manufacturer": 5
    }
},
{
    "model": "componentes.product",
    "pk": 4,
    "fields": {
        "sku": "Itself kind hundred.",
        "name": "Force eye others give. Picture professor key lead field task.\nSchool human large never affect. Finally then will seven follow occur expect.",
        "description": "Agree not can effort prepare these effect. Under sign admit wife surface face. On including interview learn effort.\nState himself several herself. Money data into tend up.",
        "price": "0.11",
        "stock": 16594,
        "manufacturer": 5
    }
},
{
    "model": "componentes.product",
    "pk": 5,
    "fields": {
        "sku": "Call relate find move.",
        "name": "Feeling hope story data hair face song. World property section indicate hair purpose. Event structure worry far avoid.\nIn marriage happen life.",
        "description": "Require begin increase its green themselves. Rest throw require factor better score. Particularly other anything try these government.\nCheck fire view with describe. Nearly hand writer figure impact.",
        "price": "0.28",
        "stock": 16505,
        "manufacturer": 1
    }
},
{
    "model": "componentes.product",
    "pk": 6,
    "fields": {
        "sku": "Side usually claim daughter.",
        "name": "Summer cost six fill involve. Rather federal foreign central interest. Happy anyone response minute let style light.\nHope commercial expect.",
        "description": "Approach major growth hundred hand order community. Certainly home Mr room nearly.\nOperation table occur. Society sound best itself stuff beautiful. Standard try carry blood.",
        "price": "0.44",
        "stock": 17070,
        "manufacturer": 7
    }
},
{
    "model": "componentes.product",
    "pk": 7,
    "fields": {
        "sku": "Local age yet give.",
        "name": "Town fight remain economic book. If alone party use country scene seven. Six involve necessary check.\nYour can music. Election for gas.",
        "description": "Identify term dream whose. Already laugh teacher son lot. Kid authority think.\nMaterial decade site food save home.",
        "price": "0.34",
        "stock": 28161,
        "manufacturer": 13
    }
},
{
    "model": "componentes.product",
    "pk": 8,
    "fields": {
        "sku": "Though rate audience none.",
        "name": "Call box college pretty however spend low. Physical if surface hair who. Card hard drop million senior without.",
        "description": "Pull away fine seek church. Stay pay only that issue word.",
        "price": "0.39",
        "stock": 22674,
        "manufacturer": 4
    }
},
{
    "model": "componentes.product",
    "pk": 9,
    "fields": {
        "sku": "Sign if hotel into.",
        "name": "Miss argue issue reduce yard. Star maybe call century perform standard. Break attack design radio.",
        "description": "Since think too specific clearly pattern. Mr century see own.",
        "price": "0.39",
        "stock": 31289,
        "manufacturer": 15
    }
},
{
    "model": "componentes.product",
    "pk": 10,
    "fields": {
        "sku": "Congress ok civil wonder.",
        "name": "Say moment major enjoy. Unit teacher civil.",
        "description": "Offer would little not someone black. Election mouth watch program soon any rock.\nBar thought mission space. Beautiful similar goal. All although notice however also number.",
        "price": "0.45",
        "stock": 30170,
        "manufacturer": 10
    }
},
{
    "model": "componentes.product",
    "pk": 11,
    "fields": {
        "sku": "Put production new expect.",
        "name": "Tree couple grow answer dog.",
        "description": "Early fall son. Community here agree since professor trouble. Finish than ever off between own.",
        "price": "0.38",
        "stock": 11781,
        "manufacturer": 10
    }
},
{
    "model": "componentes.product",
    "pk": 12,
    "fields": {
        "sku": "Heavy forward determine.",
        "name": "Provide standard charge behavior. Happen cup day buy seat.",
        "description": "Security year artist. White story I. Section several inside fast little country seem agent.\nIssue tonight rock senior fund. Season eye set pay happen work available.",
        "price": "0.38",
        "stock": 6294,
        "manufacturer": 10
    }
},
{
    "model": "componentes.product",
    "pk": 13,
    "fields": {
        "sku": "Down term forward hour party.",
        "name": "Month until test nature call. Animal stock blood hotel. Opportunity determine reflect.",
        "description": "New upon where number.\nWhich young candidate nor become decade to. Sense go read half trial white difference.",
        "price": "0.79",
        "stock": 26300,
        "manufacturer": 11
    }
},
{
    "model": "componentes.product",
    "pk": 14,
    "fields": {
        "sku": "Rise sing five party sign.",
        "name": "Medical range meeting occur.",
        "description": "Face stop gas especially adult. Marriage fall wife during state similar man nation. Later learn skill character.",
        "price": "0.48",
        "stock": 7735,
        "manufacturer": 4
    }
},
{
    "model": "componentes.product",
    "pk": 15,
    "fields": {
        "sku": "Media prepare among.",
        "name": "Appear special little citizen attorney actually fine represent. Her sound government budget deal each.",
        "description": "Wrong other site player history write notice. Stuff seem major off arrive great. Kitchen board kind staff still write.\nTalk tax role response. Social perform end seat western though age.",
        "price": "0.02",
        "stock": 16227,
        "manufacturer": 6
    }
},
{
    "model": "componentes.product",
    "pk": 16,
    "fields": {
        "sku": "Dream cost area general.",
        "name": "Movie why hard. Yes trial key start boy.",
        "description": "Rest section rest company me. Involve card us production class could. Street pay read character include. Many democratic time imagine.",
        "price": "0.22",
        "stock": 10493,
        "manufacturer": 25
    }
},
{
    "model": "componentes.product",
    "pk": 17,
    "fields": {
        "sku": "Effect him I possible.",
        "name": "He matter reveal result foreign street. Since matter home science claim allow born.",
        "description": "Social daughter evening. Leg be join rule. Continue hope evidence suggest also.\nWalk girl price hand last energy. Form answer campaign it toward government partner. Tonight rich crime ask.",
        "price": "0.55",
        "stock": 17852,
        "manufacturer": 17
    }
},
{
    "model": "componentes.product",
    "pk": 18,
    "fields": {
        "sku": "Serious media way purpose.",
        "name": "Article wide economic. Picture forget natural indicate. Memory be he. Want discover spend important.",
        "description": "Condition people company. True pretty manager purpose commercial management eight. Important century wind outside develop office.",
        "price": "0.77",
        "stock": 26731,
        "manufacturer": 23
    }
},
{
    "model": "componentes.product",
    "pk": 19,
    "fields": {
        "sku": "Follow rise history police.",
        "name": "Beat fight hundred debate oil main. List trial form measure. Cost budget role theory.",
        "description": "Relate capital condition foreign economy. Feeling star focus possible fast. Campaign employee important next special truth much. Commercial again on information clear protect skill.",
        "price": "0.41",
        "stock": 7218,
        "manufacturer": 23
    }
},
{
    "model": "componentes.product",
    "pk": 20,
    "fields": {
        "sku": "Old keep economy.",
        "name": "Act red beyond them possible ball international. None carry per appear. Live turn surface experience responsibility leader hot.",
        "description": "Energy provide down report it since watch. Growth air sign water research camera.\nSay military hold hundred here however. Create investment power area worry.",
        "price": "0.19",
        "stock": 5757,
        "manufacturer": 24
    }
},
{
    "model": "componentes.product",
    "pk": 21,
    "fields": {
        "sku": "Consumer service court.",
        "name": "Local alone number order. Too practice seat interview mother. Expect politics against national population.",
        "description": "Do girl read final upon sign cultural special. Three often education so relate spend tonight.\nLoss send area. Though almost relate society. Summer their create space day.",
        "price": "0.67",
        "stock": 15206,
        "manufacturer": 29
    }
},
{
    "model": "componentes.product",
    "pk": 22,
    "fields": {
        "sku": "Of friend small Mrs quality.",
        "name": "Name point leg collection see doctor see. Form draw loss guess.\nSometimes gas to.",
        "description": "Morning community may protect data. Social lawyer include listen.\nTable offer all. Order girl decision environment nature career. Hour education challenge daughter loss worry activity.",
        "price": "0.42",
        "stock": 12086,
        "manufacturer": 16
    }
},
{
    "model": "componentes.product",
    "pk": 23,
    "fields": {
        "sku": "Home stuff try draw would.",
        "name": "Person look rock development former some. Laugh somebody theory which.",
        "description": "Watch listen purpose civil value. Stay whatever have resource rich your large thank. These herself look seven response hospital end.",
        "price": "0.35",
        "stock": 8253,
        "manufacturer": 19
    }
},
{
    "model": "componentes.product",
    "pk": 24,
    "fields": {
        "sku": "She increase several.",
        "name": "Understand do wear blood. Security at among director until.\nMove organization choose. Design language everyone worry federal.",
        "description": "Identify girl attack right under someone nor. Mouth animal ask wonder evening capital southern.",
        "price": "0.56",
        "stock": 23078,
        "manufacturer": 19
    }
},
{
    "model": "componentes.product",
    "pk": 25,
    "fields": {
        "sku": "In sense institution per.",
        "name": "Appear me movement method those.",
        "description": "Example six hundred. Big scientist thus positive image mission.\nGive standard simply letter. Couple production miss doctor class close. Box poor pretty step dog again.",
        "price": "0.00",
        "stock": 25054,
        "manufacturer": 20
    }
},
{
    "model": "componentes.product",
    "pk": 26,
    "fields": {
        "sku": "She gas address skin.",
        "name": "Conference effort firm state draw. Let their scientist college might tough class.\nTell while after keep. Where economic born suggest.",
        "description": "Ready matter question eight shake name clear. Position wind right approach the.\nWork deep I model investment strategy during set. Sometimes picture full nothing it among table.",
        "price": "0.31",
        "stock": 9745,
        "manufacturer": 25
    }
},
{
    "model": "componentes.product",
    "pk": 27,
    "fields": {
        "sku": "Oil miss hear forward stage.",
        "name": "Production hundred mind per. Fish play community audience.",
        "description": "Yard rise four car try. Radio possible nature past cause according thing card. Fast address act minute air. Organization others analysis yet employee partner may agreement.",
        "price": "0.31",
        "stock": 22690,
        "manufacturer": 20
    }
},
{
    "model": "componentes.product",
    "pk": 28,
    "fields": {
        "sku": "Tell man wall actually ok.",
        "name": "Research produce ok pretty. Tonight senior reflect for movement. Stage reduce appear.",
        "description": "Support raise if near debate. Leader near only rise choice perform research public.\nOnto writer everything suddenly way. Instead responsibility fine trip picture offer two.",
        "price": "0.49",
        "stock": 15292,
        "manufacturer": 28
    }
},
{
    "model": "componentes.product",
    "pk": 29,
    "fields": {
        "sku": "Choose mind student data.",
        "name": "Ago yeah by throughout win. Firm very bit. Paper medical executive program parent like.\nDoctor land open. Believe buy enter size clear laugh green.",
        "description": "Use election plant enjoy sense national hard. Raise class white physical summer. Rich keep space child one main.",
        "price": "0.36",
        "stock": 20031,
        "manufacturer": 19
    }
},
{
    "model": "componentes.product",
    "pk": 30,
    "fields": {
        "sku": "Nature guy much rich.",
        "name": "Dinner statement answer finally. Born real inside itself himself check physical. Consumer doctor address small bag dream stock receive.",
        "description": "True authority never both attention toward science. Anyone professor field happy computer. Term movement way.\nNature certainly decision.",
        "price": "0.61",
        "stock": 21521,
        "manufacturer": 19
    }
},
{
    "model": "componentes.product",
    "pk": 31,
    "fields": {
        "sku": "ABC-123",
        "name": "Producto-a-buscar",
        "description": "Este es un producto creado solamente para la url de busqueda por sku",
        "price": "23.00",
        "stock": 12,
        "manufacturer": 21
    }
},
{
    "model": "componentes.product",
    "pk": 32,
    "fields": {
        "sku": "componentes",
        "name": "Producto-a-buscar-slug",
        "description": "esto es una prueba",
        "price": "12.00",
        "stock": 2,
        "manufacturer": 20
    }
},
{
    "model": "componentes.product",
    "pk": 33,
    "fields": {
        "sku": "123",
        "name": "productoejemplo",
        "description": "ejmplo",
        "price": "0.15",
        "stock": 2,
        "manufacturer": 19
    }
},
{
    "model": "componentes.productcategory",
    "pk": 1,
    "fields": {
        "product": 1,
        "category": 5,
        "featured": false,
        "display_order": 0
    }
},
{
    "model": "componentes.productcategory",
    "pk": 2,
    "fields": {
        "product": 2,
        "category": 2,
        "featured": false,
        "display_order": 0
    }
},
{
    "model": "componentes.productcategory",
    "pk": 3,
    "fields": {
        "product": 2,
        "category": 14,
        "featured": false,
        "display_order": 0
    }
},
{
    "model": "componentes.productcategory",
    "pk": 4,
    "fields": {
        "product": 2,
        "category": 5,
        "featured": false,
        "display_order": 0
    }
},
{
    "model": "componentes.productcategory",
    "pk": 5,
    "fields": {
        "product": 3,
        "category": 2,
        "featured": false,
        "display_order": 0
    }
},
{
    "model": "componentes.productcategory",
    "pk": 6,
    "fields": {
        "product": 3,
        "category": 11,
        "featured": false,
        "display_order": 0
    }
},
{
    "model": "componentes.productcategory",
    "pk": 7,
    "fields": {
        "product": 3,
        "category": 8,
        "featured": false,
        "display_order": 0
    }
},
{
    "model": "componentes.productcategory",
    "pk": 8,
    "fields": {
        "product": 4,
        "category": 5,
        "featured": false,
        "display_order": 0
    }
},
{
    "model": "componentes.productcategory",
    "pk": 9,
    "fields": {
        "product": 4,
        "category": 8,
        "featured": false,
        "display_order": 0
    }
},
{
    "model": "componentes.productcategory",
    "pk": 10,
    "fields": {
        "product": 4,
        "category": 10,
        "featured": false,
        "display_order": 0
    }
},
{
    "model": "componentes.productcategory",
    "pk": 11,
    "fields": {
        "product": 5,
        "category": 1,
        "featured": false,
        "display_order": 0
    }
},
{
    "model": "componentes.productcategory",
    "pk": 12,
    "fields": {
        "product": 5,
        "category": 14,
        "featured": false,
        "display_order": 0
    }
},
{
    "model": "componentes.productcategory",
    "pk": 13,
    "fields": {
        "product": 5,
        "category": 8,
        "featured": false,
        "display_order": 0
    }
},
{
    "model": "componentes.productcategory",
    "pk": 14,
    "fields": {
        "product": 6,
        "category": 14,
        "featured": false,
        "display_order": 0
    }
},
{
    "model": "componentes.productcategory",
    "pk": 15,
    "fields": {
        "product": 6,
        "category": 11,
        "featured": false,
        "display_order": 0
    }
},
{
    "model": "componentes.productcategory",
    "pk": 16,
    "fields": {
        "product": 7,
        "category": 5,
        "featured": false,
        "display_order": 0
    }
},
{
    "model": "componentes.productcategory",
    "pk": 17,
    "fields": {
        "product": 7,
        "category": 12,
        "featured": false,
        "display_order": 0
    }
},
{
    "model": "componentes.productcategory",
    "pk": 18,
    "fields": {
        "product": 7,
        "category": 6,
        "featured": false,
        "display_order": 0
    }
},
{
    "model": "componentes.productcategory",
    "pk": 19,
    "fields": {
        "product": 8,
        "category": 2,
        "featured": false,
        "display_order": 0
    }
},
{
    "model": "componentes.productcategory",
    "pk": 20,
    "fields": {
        "product": 8,
        "category": 8,
        "featured": false,
        "display_order": 0
    }
},
{
    "model": "componentes.productcategory",
    "pk": 21,
    "fields": {
        "product": 9,
        "category": 14,
        "featured": false,
        "display_order": 0
    }
},
{
    "model": "componentes.productcategory",
    "pk": 22,
    "fields": {
        "product": 9,
        "category": 4,
        "featured": false,
        "display_order": 0
    }
},
{
    "model": "componentes.productcategory",
    "pk": 23,
    "fields": {
        "product": 10,
        "category": 6,
        "featured": false,
        "display_order": 0
    }
},
{
    "model": "componentes.productcategory",
    "pk": 24,
    "fields": {
        "product": 10,
        "category": 15,
        "featured": false,
        "display_order": 0
    }
},
{
    "model": "componentes.productcategory",
    "pk": 25,
    "fields": {
        "product": 10,
        "category": 10,
        "featured": false,
        "display_order": 0
    }
},
{
    "model": "componentes.productcategory",
    "pk": 26,
    "fields": {
        "product": 11,
        "category": 6,
        "featured": false,
        "display_order": 0
    }
},
{
    "model": "componentes.productcategory",
    "pk": 27,
    "fields": {
        "product": 11,
        "category": 4,
        "featured": false,
        "display_order": 0
    }
},
{
    "model": "componentes.productcategory",
    "pk": 28,
    "fields": {
        "product": 11,
        "category": 14,
        "featured": false,
        "display_order": 0
    }
},
{
    "model": "componentes.productcategory",
    "pk": 29,
    "fields": {
        "product": 12,
        "category": 6,
        "featured": false,
        "display_order": 0
    }
},
{
    "model": "componentes.productcategory",
    "pk": 30,
    "fields": {
        "product": 12,
        "category": 10,
        "featured": false,
        "display_order": 0
    }
},
{
    "model": "componentes.productcategory",
    "pk": 31,
    "fields": {
        "product": 12,
        "category": 9,
        "featured": false,
        "display_order": 0
    }
},
{
    "model": "componentes.productcategory",
    "pk": 32,
    "fields": {
        "product": 13,
        "category": 11,
        "featured": false,
        "display_order": 0
    }
},
{
    "model": "componentes.productcategory",
    "pk": 33,
    "fields": {
        "product": 13,
        "category": 12,
        "featured": false,
        "display_order": 0
    }
},
{
    "model": "componentes.productcategory",
    "pk": 34,
    "fields": {
        "product": 14,
        "category": 1,
        "featured": false,
        "display_order": 0
    }
},
{
    "model": "componentes.productcategory",
    "pk": 35,
    "fields": {
        "product": 14,
        "category": 6,
        "featured": false,
        "display_order": 0
    }
},
{
    "model": "componentes.productcategory",
    "pk": 36,
    "fields": {
        "product": 15,
        "category": 15,
        "featured": false,
        "display_order": 0
    }
},
{
    "model": "componentes.productcategory",
    "pk": 37,
    "fields": {
        "product": 16,
        "category": 24,
        "featured": false,
        "display_order": 0
    }
},
{
    "model": "componentes.productcategory",
    "pk": 38,
    "fields": {
        "product": 17,
        "category": 23,
        "featured": false,
        "display_order": 0
    }
},
{
    "model": "componentes.productcategory",
    "pk": 39,
    "fields": {
        "product": 17,
        "category": 19,
        "featured": false,
        "display_order": 0
    }
},
{
    "model": "componentes.productcategory",
    "pk": 40,
    "fields": {
        "product": 17,
        "category": 20,
        "featured": false,
        "display_order": 0
    }
},
{
    "model": "componentes.productcategory",
    "pk": 41,
    "fields": {
        "product": 17,
        "category": 24,
        "featured": false,
        "display_order": 0
    }
},
{
    "model": "componentes.productcategory",
    "pk": 42,
    "fields": {
        "product": 18,
        "category": 21,
        "featured": false,
        "display_order": 0
    }
},
{
    "model": "componentes.productcategory",
    "pk": 43,
    "fields": {
        "product": 18,
        "category": 23,
        "featured": false,
        "display_order": 0
    }
},
{
    "model": "componentes.productcategory",
    "pk": 44,
    "fields": {
        "product": 18,
        "category": 29,
        "featured": false,
        "display_order": 0
    }
},
{
    "model": "componentes.productcategory",
    "pk": 45,
    "fields": {
        "product": 18,
        "category": 26,
        "featured": false,
        "display_order": 0
    }
},
{
    "model": "componentes.productcategory",
    "pk": 46,
    "fields": {
        "product": 19,
        "category": 27,
        "featured": false,
        "display_order": 0
    }
},
{
    "model": "componentes.productcategory",
    "pk": 47,
    "fields": {
        "product": 19,
        "category": 21,
        "featured": false,
        "display_order": 0
    }
},
{
    "model": "componentes.productcategory",
    "pk": 48,
    "fields": {
        "product": 19,
        "category": 25,
        "featured": false,
        "display_order": 0
    }
},
{
    "model": "componentes.productcategory",
    "pk": 49,
    "fields": {
        "product": 19,
        "category": 19,
        "featured": false,
        "display_order": 0
    }
},
{
    "model": "componentes.productcategory",
    "pk": 50,
    "fields": {
        "product": 20,
        "category": 29,
        "featured": false,
        "display_order": 0
    }
},
{
    "model": "componentes.productcategory",
    "pk": 51,
    "fields": {
        "product": 21,
        "category": 27,
        "featured": false,
        "display_order": 0
    }
},
{
    "model": "componentes.productcategory",
    "pk": 52,
    "fields": {
        "product": 21,
        "category": 20,
        "featured": false,
        "display_order": 0
    }
},
{
    "model": "componentes.productcategory",
    "pk": 53,
    "fields": {
        "product": 21,
        "category": 18,
        "featured": false,
        "display_order": 0
    }
},
{
    "model": "componentes.productcategory",
    "pk": 54,
    "fields": {
        "product": 22,
        "category": 16,
        "featured": false,
        "display_order": 0
    }
},
{
    "model": "componentes.productcategory",
    "pk": 55,
    "fields": {
        "product": 22,
        "category": 26,
        "featured": false,
        "display_order": 0
    }
},
{
    "model": "componentes.productcategory",
    "pk": 56,
    "fields": {
        "product": 22,
        "category": 23,
        "featured": false,
        "display_order": 0
    }
},
{
    "model": "componentes.productcategory",
    "pk": 57,
    "fields": {
        "product": 23,
        "category": 27,
        "featured": false,
        "display_order": 0
    }
},
{
    "model": "componentes.productcategory",
    "pk": 58,
    "fields": {
        "product": 23,
        "category": 19,
        "featured": false,
        "display_order": 0
    }
},
{
    "model": "componentes.productcategory",
    "pk": 59,
    "fields": {
        "product": 24,
        "category": 17,
        "featured": false,
        "display_order": 0
    }
},
{
    "model": "componentes.productcategory",
    "pk": 60,
    "fields": {
        "product": 24,
        "category": 23,
        "featured": false,
        "display_order": 0
    }
},
{
    "model": "componentes.productcategory",
    "pk": 61,
    "fields": {
        "product": 24,
        "category": 26,
        "featured": false,
        "display_order": 0
    }
},
{
    "model": "componentes.productcategory",
    "pk": 62,
    "fields": {
        "product": 25,
        "category": 25,
        "featured": false,
        "display_order": 0
    }
},
{
    "model": "componentes.productcategory",
    "pk": 63,
    "fields": {
        "product": 26,
        "category": 17,
        "featured": false,
        "display_order": 0
    }
},
{
    "model": "componentes.productcategory",
    "pk": 64,
    "fields": {
        "product": 27,
        "category": 19,
        "featured": false,
        "display_order": 0
    }
},
{
    "model": "componentes.productcategory",
    "pk": 65,
    "fields": {
        "product": 27,
        "category": 29,
        "featured": false,
        "display_order": 0
    }
},
{
    "model": "componentes.productcategory",
    "pk": 66,
    "fields": {
        "product": 28,
        "category": 26,
        "featured": false,
        "display_order": 0
    }
},
{
    "model": "componentes.productcategory",
    "pk": 67,
    "fields": {
        "product": 28,
        "category": 19,
        "featured": false,
        "display_order": 0
    }
},
{
    "model": "componentes.productcategory",
    "pk": 68,
    "fields": {
        "product": 29,
        "category": 30,
        "featured": false,
        "display_order": 0
    }
},
{
    "model": "componentes.productcategory",
    "pk": 69,
    "fields": {
        "product": 29,
        "category": 23,
        "featured": false,
        "display_order": 0
    }
},
{
    "model": "componentes.productcategory",
    "pk": 70,
    "fields": {
        "product": 30,
        "category": 19,
        "featured": false,
        "display_order": 0
    }
},
{
    "model": "componentes.productcategory",
    "pk": 71,
    "fields": {
        "product": 30,
        "category": 20,
        "featured": false,
        "display_order": 0
    }
},
{
    "model": "componentes.productcategory",
    "pk": 72,
    "fields": {
        "product": 25,
        "category": 26,
        "featured": true,
        "display_order": -19485
    }
},
{
    "model": "componentes.productcategory",
    "pk": 73,
    "fields": {
        "product": 25,
        "category": 19,
        "featured": false,
        "display_order": -13258
    }
},
{
    "model": "componentes.productcategory",
    "pk": 74,
    "fields": {
        "product": 25,
        "category": 16,
        "featured": false,
        "display_order": 24099
    }
},
{
    "model": "componentes.productcategory",
    "pk": 75,
    "fields": {
        "product": 18,
        "category": 24,
        "featured": true,
        "display_order": 21291
    }
},
{
    "model": "componentes.productcategory",
    "pk": 76,
    "fields": {
        "product": 20,
        "category": 30,
        "featured": false,
        "display_order": 1216
    }
},
{
    "model": "componentes.productcategory",
    "pk": 77,
    "fields": {
        "product": 29,
        "category": 17,
        "featured": true,
        "display_order": 30541
    }
},
{
    "model": "componentes.productcategory",
    "pk": 78,
    "fields": {
        "product": 30,
        "category": 22,
        "featured": true,
        "display_order": -14149
    }
},
{
    "model": "componentes.productcategory",
    "pk": 79,
    "fields": {
        "product": 28,
        "category": 28,
        "featured": false,
        "display_order": 7281
    }
},
{
    "model": "componentes.productcategory",
    "pk": 80,
    "fields": {
        "product": 25,
        "category": 24,
        "featured": true,
        "display_order": -4841
    }
},
{
    "model": "componentes.productcategory",
    "pk": 81,
    "fields": {
        "product": 26,
        "category": 22,
        "featured": false,
        "display_order": 31573
    }
},
{
    "model": "componentes.productcategory",
    "pk": 82,
    "fields": {
        "product": 26,
        "category": 25,
        "featured": true,
        "display_order": -15456
    }
},
{
    "model": "componentes.productcategory",
    "pk": 83,
    "fields": {
        "product": 23,
        "category": 25,
        "featured": false,
        "display_order": -28265
    }
},
{
    "model": "componentes.productcategory",
    "pk": 84,
    "fields": {
        "product": 22,
        "category": 20,
        "featured": true,
        "display_order": 20698
    }
},
{
    "model": "componentes.productcategory",
    "pk": 85,
    "fields": {
        "product": 27,
        "category": 26,
        "featured": true,
        "display_order": -29877
    }
},
{
    "model": "componentes.productcategory",
    "pk": 86,
    "fields": {
        "product": 18,
        "category": 30,
        "featured": true,
        "display_order": -17743
    }
},
{
    "model": "componentes.customer",
    "pk": 1,
    "fields": {
        "first_name": "Dawn",
        "last_name": "Clark",
        "email": "gordonnicholas@example.com",
        "phone": "412.782.5495x94210",
        "wishlist": []
    }
},
{
    "model": "componentes.customer",
    "pk": 2,
    "fields": {
        "first_name": "Lonnie",
        "last_name": "Carpenter",
        "email": "belindabowman@example.net",
        "phone": "389.668.9182x1761",
        "wishlist": []
    }
},
{
    "model": "componentes.customer",
    "pk": 3,
    "fields": {
        "first_name": "Patrick",
        "last_name": "Young",
        "email": "lindsey94@example.net",
        "phone": "747-368-9791",
        "wishlist": []
    }
},
{
    "model": "componentes.customer",
    "pk": 4,
    "fields": {
        "first_name": "Rhonda",
        "last_name": "Robertson",
        "email": "morrisherbert@example.org",
        "phone": "732.384.7989",
        "wishlist": []
    }
},
{
    "model": "componentes.customer",
    "pk": 5,
    "fields": {
        "first_name": "Tammy",
        "last_name": "Cook",
        "email": "stephen43@example.net",
        "phone": "(632)747-7444x5847",
        "wishlist": []
    }
},
{
    "model": "componentes.customer",
    "pk": 6,
    "fields": {
        "first_name": "Janet",
        "last_name": "Hancock",
        "email": "robertcamacho@example.com",
        "phone": "+1-749-967-9074x1314",
        "wishlist": []
    }
},
{
    "model": "componentes.customer",
    "pk": 7,
    "fields": {
        "first_name": "Kristen",
        "last_name": "Jordan",
        "email": "martincarrie@example.net",
        "phone": "960.700.2514x806",
        "wishlist": []
    }
},
{
    "model": "componentes.customer",
    "pk": 8,
    "fields": {
        "first_name": "Keith",
        "last_name": "Jackson",
        "email": "boydcraig@example.com",
        "phone": "+1-297-463-3824x0128",
        "wishlist": []
    }
},
{
    "model": "componentes.customer",
    "pk": 9,
    "fields": {
        "first_name": "Sonya",
        "last_name": "Martinez",
        "email": "washingtonrebecca@example.org",
        "phone": "426.418.8736x36611",
        "wishlist": []
    }
},
{
    "model": "componentes.customer",
    "pk": 10,
    "fields": {
        "first_name": "Elizabeth",
        "last_name": "Clark",
        "email": "derekschmidt@example.org",
        "phone": "508-329-7866x73938",
        "wishlist": []
    }
},
{
    "model": "componentes.customer",
    "pk": 11,
    "fields": {
        "first_name": "Bradley",
        "last_name": "Cooper",
        "email": "ymorales@example.net",
        "phone": "409-259-3586",
        "wishlist": []
    }
},
{
    "model": "componentes.customer",
    "pk": 12,
    "fields": {
        "first_name": "Matthew",
        "last_name": "Nelson",
        "email": "michael62@example.net",
        "phone": "705-461-4043x08954",
        "wishlist": []
    }
},
{
    "model": "componentes.customer",
    "pk": 13,
    "fields": {
        "first_name": "Paul",
        "last_name": "Yang",
        "email": "dillonjones@example.net",
        "phone": "667-889-7904x664",
        "wishlist": []
    }
},
{
    "model": "componentes.customer",
    "pk": 14,
    "fields": {
        "first_name": "Laura",
        "last_name": "Smith",
        "email": "anthonywilliams@example.com",
        "phone": "001-403-730-3993x928",
        "wishlist": []
    }
},
{
    "model": "componentes.customer",
    "pk": 15,
    "fields": {
        "first_name": "Adam",
        "last_name": "Durham",
        "email": "ygray@example.org",
        "phone": "+1-226-213-3819x728",
        "wishlist": []
    }
},
{
    "model": "componentes.customer",
    "pk": 16,
    "fields": {
        "first_name": "Kelly",
        "last_name": "Molina",
        "email": "sharon09@example.net",
        "phone": "(431)646-3076x74709",
        "wishlist": []
    }
},
{
    "model": "componentes.customer",
    "pk": 17,
    "fields": {
        "first_name": "Jessica",
        "last_name": "Peterson",
        "email": "collinsjared@example.com",
        "phone": "489.491.3083",
        "wishlist": []
    }
},
{
    "model": "componentes.customer",
    "pk": 18,
    "fields": {
        "first_name": "Yolanda",
        "last_name": "Frazier",
        "email": "hoffmanholly@example.com",
        "phone": "(413)669-6856x7125",
        "wishlist": []
    }
},
{
    "model": "componentes.customer",
    "pk": 19,
    "fields": {
        "first_name": "Richard",
        "last_name": "Thomas",
        "email": "leonjacob@example.net",
        "phone": "734-406-6474",
        "wishlist": []
    }
},
{
    "model": "componentes.customer",
    "pk": 20,
    "fields": {
        "first_name": "Donald",
        "last_name": "Garcia",
        "email": "garciasara@example.org",
        "phone": "268.387.6245x82888",
        "wishlist": []
    }
},
{
    "model": "componentes.customer",
    "pk": 21,
    "fields": {
        "first_name": "Angela",
        "last_name": "Spencer",
        "email": "tamichambers@example.net",
        "phone": "001-497-782-1176x475",
        "wishlist": []
    }
},
{
    "model": "componentes.customer",
    "pk": 22,
    "fields": {
        "first_name": "Jennifer",
        "last_name": "Ibarra",
        "email": "tuckerwilliam@example.com",
        "phone": "724-713-9258",
        "wishlist": []
    }
},
{
    "model": "componentes.customer",
    "pk": 23,
    "fields": {
        "first_name": "Matthew",
        "last_name": "Cox",
        "email": "darren74@example.net",
        "phone": "+1-241-611-6815",
        "wishlist": []
    }
},
{
    "model": "componentes.customer",
    "pk": 24,
    "fields": {
        "first_name": "Richard",
        "last_name": "Davis",
        "email": "kennethharris@example.net",
        "phone": "743-672-1704",
        "wishlist": []
    }
},
{
    "model": "componentes.customer",
    "pk": 25,
    "fields": {
        "first_name": "Jamie",
        "last_name": "Hernandez",
        "email": "knappmargaret@example.net",
        "phone": "(897)969-5099",
        "wishlist": []
    }
},
{
    "model": "componentes.customer",
    "pk": 26,
    "fields": {
        "first_name": "Katherine",
        "last_name": "Smith",
        "email": "monicaturner@example.net",
        "phone": "(790)641-8500",
        "wishlist": []
    }
},
{
    "model": "componentes.customer",
    "pk": 27,
    "fields": {
        "first_name": "Donna",
        "last_name": "Jackson",
        "email": "riveramarc@example.org",
        "phone": "882-339-5621",
        "wishlist": []
    }
},
{
    "model": "componentes.customer",
    "pk": 28,
    "fields": {
        "first_name": "Rodney",
        "last_name": "Jackson",
        "email": "shall@example.org",
        "phone": "(357)814-3037",
        "wishlist": []
    }
},
{
    "model": "componentes.customer",
    "pk": 29,
    "fields": {
        "first_name": "Matthew",
        "last_name": "Smith",
        "email": "marydavis@example.org",
        "phone": "757-868-8121",
        "wishlist": []
    }
},
{
    "model": "componentes.customer",
    "pk": 30,
    "fields": {
        "first_name": "Daniel",
        "last_name": "Mccann",
        "email": "jmartin@example.net",
        "phone": "(979)487-8464x55960",
        "wishlist": []
    }
},
{
    "model": "componentes.customer",
    "pk": 31,
    "fields": {
        "first_name": "Domitila",
        "last_name": "Blasco",
        "email": "jose-ramonbeltran@example.org",
        "phone": "+34 980 54 76 89",
        "wishlist": []
    }
},
{
    "model": "componentes.customer",
    "pk": 32,
    "fields": {
        "first_name": "Tadeo",
        "last_name": "Pelayo",
        "email": "febe97@example.org",
        "phone": "+34901 93 12 34",
        "wishlist": []
    }
},
{
    "model": "componentes.customer",
    "pk": 33,
    "fields": {
        "first_name": "Amador",
        "last_name": "Rossell",
        "email": "jimenezmarcia@example.org",
        "phone": "+34 985050172",
        "wishlist": []
    }
},
{
    "model": "componentes.customer",
    "pk": 34,
    "fields": {
        "first_name": "Serafina",
        "last_name": "Moll",
        "email": "ggutierrez@example.org",
        "phone": "+34924909372",
        "wishlist": []
    }
},
{
    "model": "componentes.customer",
    "pk": 35,
    "fields": {
        "first_name": "Adoracin",
        "last_name": "Lucas",
        "email": "tcampos@example.com",
        "phone": "+34820 28 39 66",
        "wishlist": []
    }
},
{
    "model": "componentes.customer",
    "pk": 36,
    "fields": {
        "first_name": "rsula",
        "last_name": "Berrocal",
        "email": "quirino95@example.com",
        "phone": "+34844 83 55 25",
        "wishlist": []
    }
},
{
    "model": "componentes.customer",
    "pk": 37,
    "fields": {
        "first_name": "Pepita",
        "last_name": "Campos",
        "email": "herberto40@example.net",
        "phone": "+34 901 98 02 57",
        "wishlist": []
    }
},
{
    "model": "componentes.customer",
    "pk": 38,
    "fields": {
        "first_name": "Francisca",
        "last_name": "Luna",
        "email": "rafapazos@example.net",
        "phone": "+34823104100",
        "wishlist": []
    }
},
{
    "model": "componentes.customer",
    "pk": 39,
    "fields": {
        "first_name": "Alex",
        "last_name": "Palmer",
        "email": "juliocardona@example.com",
        "phone": "+34 884 84 45 38",
        "wishlist": []
    }
},
{
    "model": "componentes.customer",
    "pk": 40,
    "fields": {
        "first_name": "Marisa",
        "last_name": "Carretero",
        "email": "lpareja@example.com",
        "phone": "+34 846728885",
        "wishlist": []
    }
},
{
    "model": "componentes.profile",
    "pk": 1,
    "fields": {
        "customer": 6,
        "birth_date": "1980-10-18",
        "newsletter": true,
        "notes": "Find where gun add girl probably. Charge including other west late explain. Painting build sometimes else dog reveal heavy cultural.\nYeah between program each peace those."
    }
},
{
    "model": "componentes.profile",
    "pk": 2,
    "fields": {
        "customer": 14,
        "birth_date": "2023-08-13",
        "newsletter": true,
        "notes": "Born mouth face age rest threat. Successful visit be heart beyond understand.\nExample lay late party former effort.\nTime three forward language beyond I while never. Pretty thank share myself."
    }
},
{
    "model": "componentes.profile",
    "pk": 3,
    "fields": {
        "customer": 10,
        "birth_date": "2007-04-28",
        "newsletter": true,
        "notes": "Answer especially cell. You white rate ten Republican.\nGuy conference sound power environment war administration. Race sister get another front red. Main sound now others apply race then."
    }
},
{
    "model": "componentes.profile",
    "pk": 4,
    "fields": {
        "customer": 2,
        "birth_date": "1980-12-28",
        "newsletter": true,
        "notes": "Discover political carry card own decide wide. Expect lead condition war someone yeah effect check.\nAge water great there measure pattern teach industry. Paper production theory moment decide."
    }
},
{
    "model": "componentes.profile",
    "pk": 5,
    "fields": {
        "customer": 3,
        "birth_date": "2007-07-13",
        "newsletter": true,
        "notes": "Answer together yard single year bring. Just rise great treat."
    }
},
{
    "model": "componentes.profile",
    "pk": 6,
    "fields": {
        "customer": 7,
        "birth_date": "2001-09-24",
        "newsletter": true,
        "notes": "Its maybe low. Other current the candidate art others way mean.\nGuess girl act risk. Over result expect shake final especially trouble send. Wrong style recent plan mean rate."
    }
},
{
    "model": "componentes.profile",
    "pk": 7,
    "fields": {
        "customer": 11,
        "birth_date": "2013-04-20",
        "newsletter": true,
        "notes": "Can resource hundred himself exactly. Technology network quality whole be lead. Player unit hour. Suggest indicate usually heavy guess contain."
    }
},
{
    "model": "componentes.profile",
    "pk": 8,
    "fields": {
        "customer": 13,
        "birth_date": "1986-04-29",
        "newsletter": true,
        "notes": "More subject money activity offer usually for. View body next shoulder however ago property.\nNor decade common commercial. Poor difficult current pretty part. Pull area name."
    }
},
{
    "model": "componentes.profile",
    "pk": 9,
    "fields": {
        "customer": 15,
        "birth_date": "2013-05-31",
        "newsletter": true,
        "notes": "Floor measure stuff instead night. On those sound me institution center.\nCity age treat support keep television. Bed drive throughout."
    }
},
{
    "model": "componentes.profile",
    "pk": 10,
    "fields": {
        "customer": 12,
        "birth_date": "2019-05-06",
        "newsletter": true,
        "notes": "Wall white base treatment spring. End surface grow road middle yes speak. Professional heavy available sell herself until television."
    }
},
{
    "model": "componentes.profile",
    "pk": 11,
    "fields": {
        "customer": 8,
        "birth_date": "1972-09-29",
        "newsletter": true,
        "notes": "When goal health eat product then action. Fast keep may that authority result purpose."
    }
},
{
    "model": "componentes.profile",
    "pk": 12,
    "fields": {
        "customer": 9,
        "birth_date": "1973-07-07",
        "newsletter": true,
        "notes": "Similar by appear quality. Resource movie goal that than memory consumer debate. Large book form section edge market treatment."
    }
},
{
    "model": "componentes.profile",
    "pk": 13,
    "fields": {
        "customer": 5,
        "birth_date": "1975-06-19",
        "newsletter": true,
        "notes": "One interview case point place special adult eat. Board fall floor keep now.\nSecond story trouble foot. Camera move sometimes trade effort much process."
    }
},
{
    "model": "componentes.profile",
    "pk": 14,
    "fields": {
        "customer": 1,
        "birth_date": "1981-02-27",
        "newsletter": true,
        "notes": "Scene look notice soldier expect letter. Social nothing cell section I way material.\nRise education place century feel sense chair. Seek modern street once head mention soon."
    }
},
{
    "model": "componentes.profile",
    "pk": 15,
    "fields": {
        "customer": 4,
        "birth_date": "2009-11-28",
        "newsletter": true,
        "notes": "First throughout option.\nSpecific man most responsibility indicate lay. Natural happy fear may eat upon manager.\nName that expect Republican."
    }
},
{
    "model": "componentes.profile",
    "pk": 16,
    "fields": {
        "customer": 25,
        "birth_date": "1980-10-16",
        "newsletter": true,
        "notes": "Yet live experience player improve story. House expert myself computer. Hour man else century green. Change seven carry activity station him which."
    }
},
{
    "model": "componentes.profile",
    "pk": 17,
    "fields": {
        "customer": 29,
        "birth_date": "1976-07-16",
        "newsletter": true,
        "notes": "Rather east cut room. Seek just term control.\nPick issue least buy early. Tonight huge public while miss over build. Marriage experience political."
    }
},
{
    "model": "componentes.profile",
    "pk": 18,
    "fields": {
        "customer": 17,
        "birth_date": "1971-09-01",
        "newsletter": true,
        "notes": "Sort leg imagine must car determine whose. Machine left begin apply staff none direction. Two customer six.\nRealize successful who animal always. Girl old new sound record do."
    }
},
{
    "model": "componentes.profile",
    "pk": 19,
    "fields": {
        "customer": 24,
        "birth_date": "2014-03-18",
        "newsletter": true,
        "notes": "Mention practice herself remember. Police natural they style light hear character. Detail investment worker resource reason measure better.\nAnalysis safe light start cover these very note."
    }
},
{
    "model": "componentes.profile",
    "pk": 20,
    "fields": {
        "customer": 18,
        "birth_date": "2006-07-27",
        "newsletter": true,
        "notes": "Community quite possible perhaps. Old defense phone drop financial compare. Add even up lay."
    }
},
{
    "model": "componentes.profile",
    "pk": 21,
    "fields": {
        "customer": 30,
        "birth_date": "1998-11-27",
        "newsletter": true,
        "notes": "Tough treatment as. Receive maintain seek near. Office own game.\nBehavior maybe kind however. Anyone note human. Window hair break but four player young. Work commercial key size president under."
    }
},
{
    "model": "componentes.profile",
    "pk": 22,
    "fields": {
        "customer": 21,
        "birth_date": "2009-08-02",
        "newsletter": true,
        "notes": "Month make so. Camera yourself water. Ability fish audience floor yeah this various."
    }
},
{
    "model": "componentes.profile",
    "pk": 23,
    "fields": {
        "customer": 28,
        "birth_date": "2025-02-04",
        "newsletter": true,
        "notes": "Her guy laugh strong specific question. Finally without real crime thousand course. Full such role economy ok."
    }
},
{
    "model": "componentes.profile",
    "pk": 24,
    "fields": {
        "customer": 23,
        "birth_date": "2012-04-28",
        "newsletter": true,
        "notes": "Everybody year music. Never thousand wonder listen.\nTotal international care contain. Write toward eat home in tell somebody."
    }
},
{
    "model": "componentes.profile",
    "pk": 25,
    "fields": {
        "customer": 22,
        "birth_date": "1976-03-07",
        "newsletter": true,
        "notes": "Nature probably scene positive. Human like create behind imagine second these.\nStaff company wonder fall with. Budget born investment community stay. Let yard continue argue."
    }
},
{
    "model": "componentes.profile",
    "pk": 26,
    "fields": {
        "customer": 27,
        "birth_date": "2024-01-13",
        "newsletter": true,
        "notes": "Sometimes position western actually certain home carry. Religious owner skill ahead major wife wear watch.\nOf task the all. Sign present deal race believe professor."
    }
},
{
    "model": "componentes.profile",
    "pk": 27,
    "fields": {
        "customer": 20,
        "birth_date": "1977-10-22",
        "newsletter": true,
        "notes": "Body garden film movement arrive age management. Campaign study performance.\nStation save born case always crime. Area enough indicate such those institution white if."
    }
},
{
    "model": "componentes.profile",
    "pk": 28,
    "fields": {
        "customer": 16,
        "birth_date": "2019-02-17",
        "newsletter": true,
        "notes": "Exist final miss cell color church. Wait step by authority require see social. Consider into side occur he foreign benefit history."
    }
},
{
    "model": "componentes.profile",
    "pk": 29,
    "fields": {
        "customer": 26,
        "birth_date": "1989-10-30",
        "newsletter": true,
        "notes": "Only focus major chair center. Stage me artist travel impact church admit."
    }
},
{
    "model": "componentes.profile",
    "pk": 30,
    "fields": {
        "customer": 19,
        "birth_date": "2018-11-06",
        "newsletter": true,
        "notes": "His hard interview speak away environment program. Probably break movie.\nManage nearly up eye general official less. Course rate upon seat break."
    }
},
{
    "model": "componentes.order",
    "pk": 1,
    "fields": {
        "customer": 27,
        "created_at": "1982-05-16T10:10:43.625",
        "status": "P",
        "total": "0.72"
    }
},
{
    "model": "componentes.order",
    "pk": 2,
    "fields": {
        "customer": 23,
        "created_at": "2000-07-19T15:55:09.932",
        "status": "P",
        "total": "0.83"
    }
},
{
    "model": "componentes.order",
    "pk": 3,
    "fields": {
        "customer": 18,
        "created_at": "2025-04-03T09:41:12.313",
        "status": "P",
        "total": "0.07"
    }
},
{
    "model": "componentes.order",
    "pk": 4,
    "fields": {
        "customer": 25,
        "created_at": "2002-12-30T21:19:15.851",
        "status": "P",
        "total": "0.99"
    }
},
{
    "model": "componentes.order",
    "pk": 5,
    "fields": {
        "customer": 26,
        "created_at": "1981-03-08T03:17:14.239",
        "status": "P",
        "total": "0.76"
    }
},
{
    "model": "componentes.order",
    "pk": 6,
    "fields": {
        "customer": 17,
        "created_at": "1981-09-23T06:48:50.400",
        "status": "P",
        "total": "0.08"
    }
},
{
    "model": "componentes.order",
    "pk": 7,
    "fields": {
        "customer": 18,
        "created_at": "1985-09-06T16:21:40.246",
        "status": "P",
        "total": "0.82"
    }
},
{
    "model": "componentes.order",
    "pk": 8,
    "fields": {
        "customer": 25,
        "created_at": "1973-12-10T09:07:12.766",
        "status": "P",
        "total": "0.99"
    }
},
{
    "model": "componentes.order",
    "pk": 9,
    "fields": {
        "customer": 24,
        "created_at": "1975-11-22T20:12:30.868",
        "status": "P",
        "total": "0.59"
    }
},
{
    "model": "componentes.order",
    "pk": 10,
    "fields": {
        "customer": 25,
        "created_at": "1981-01-13T09:52:43.403",
        "status": "P",
        "total": "0.18"
    }
},
{
    "model": "componentes.order",
    "pk": 11,
    "fields": {
        "customer": 23,
        "created_at": "1992-02-22T02:06:39.841",
        "status": "P",
        "total": "0.54"
    }
},
{
    "model": "componentes.order",
    "pk": 12,
    "fields": {
        "customer": 29,
        "created_at": "1990-10-13T04:15:58.617",
        "status": "P",
        "total": "0.99"
    }
},
{
    "model": "componentes.order",
    "pk": 13,
    "fields": {
        "customer": 23,
        "created_at": "2011-03-12T01:48:28.933",
        "status": "P",
        "total": "0.76"
    }
},
{
    "model": "componentes.order",
    "pk": 14,
    "fields": {
        "customer": 27,
        "created_at": "2020-02-23T16:33:14.119",
        "status": "P",
        "total": "0.63"
    }
},
{
    "model": "componentes.order",
    "pk": 15,
    "fields": {
        "customer": 20,
        "created_at": "1998-05-16T00:21:35.450",
        "status": "P",
        "total": "0.64"
    }
},
{
    "model": "componentes.shipmentdetail",
    "pk": 1,
    "fields": {
        "order": 2,
        "tracking_code": "Ready appear identify suddenly. Above participant when these specific others bar. Wide book often describe.",
        "shipped_date": "1996-12-12",
        "delivery_estimate": "1982-08-04"
    }
},
{
    "model": "componentes.shipmentdetail",
    "pk": 2,
    "fields": {
        "order": 5,
        "tracking_code": "Become soldier without magazine contain stage.",
        "shipped_date": "1978-08-29",
        "delivery_estimate": "2021-07-05"
    }
},
{
    "model": "componentes.shipmentdetail",
    "pk": 3,
    "fields": {
        "order": 10,
        "tracking_code": "Specific job happen might hotel range trial. Happy various realize tax. Book available him customer bed.",
        "shipped_date": "1991-10-09",
        "delivery_estimate": "2022-04-16"
    }
},
{
    "model": "componentes.shipmentdetail",
    "pk": 4,
    "fields": {
        "order": 4,
        "tracking_code": "Camera drop standard what. Democratic fish lay attack. Chance popular like room analysis.",
        "shipped_date": "1987-08-04",
        "delivery_estimate": "2006-12-28"
    }
},
{
    "model": "componentes.shipmentdetail",
    "pk": 5,
    "fields": {
        "order": 1,
        "tracking_code": "Bring far well exist clear. Effort able growth fill water.",
        "shipped_date": "2015-10-19",
        "delivery_estimate": "1984-10-05"
    }
},
{
    "model": "componentes.shipmentdetail",
    "pk": 6,
    "fields": {
        "order": 9,
        "tracking_code": "If forward step trip buy arm not quite.\nForeign this ability. Event point health produce since range third six.",
        "shipped_date": "1983-11-28",
        "delivery_estimate": "2005-04-16"
    }
},
{
    "model": "componentes.shipmentdetail",
    "pk": 7,
    "fields": {
        "order": 14,
        "tracking_code": "Change until writer rise deal also boy use. Service pick throw cold others bed drop.",
        "shipped_date": "1972-04-18",
        "delivery_estimate": "1988-10-25"
    }
},
{
    "model": "componentes.shipmentdetail",
    "pk": 8,
    "fields": {
        "order": 11,
        "tracking_code": "Guess Congress dog point room.",
        "shipped_date": "1979-10-22",
        "delivery_estimate": "1990-02-26"
    }
},
{
    "model": "componentes.shipmentdetail",
    "pk": 9,
    "fields": {
        "order": 7,
        "tracking_code": "Affect manager business clearly. People ok or effect statement item. Go kind specific truth organization again.",
        "shipped_date": "2021-04-30",
        "delivery_estimate": "1991-10-18"
    }
},
{
    "model": "componentes.shipmentdetail",
    "pk": 10,
    "fields": {
        "order": 15,
        "tracking_code": "Skill action new player region benefit front. Cut today receive enough radio. Key throw now finish skill small.",
        "shipped_date": "1973-03-11",
        "delivery_estimate": "1990-08-22"
    }
},
{
    "model": "componentes.shipmentdetail",
    "pk": 11,
    "fields": {
        "order": 3,
        "tracking_code": "Same bring black his south. Mouth she today. Industry may year.",
        "shipped_date": "1981-12-25",
        "delivery_estimate": "1972-02-27"
    }
},
{
    "model": "componentes.shipmentdetail",
    "pk": 12,
    "fields": {
        "order": 12,
        "tracking_code": "Hot stuff none poor. Character despite blue deep mean. Truth general adult meeting.",
        "shipped_date": "1984-02-16",
        "delivery_estimate": "1995-07-05"
    }
},
{
    "model": "componentes.shipmentdetail",
    "pk": 13,
    "fields": {
        "order": 6,
        "tracking_code": "Those choice large they and small. Rule hair beautiful Republican culture.",
        "shipped_date": "1995-04-25",
        "delivery_estimate": "2022-11-18"
    }
},
{
    "model": "componentes.shipmentdetail",
    "pk": 14,
    "fields": {
        "order": 8,
        "tracking_code": "Fast radio player give his game enjoy discuss. Somebody discuss effort far. Physical whatever peace tonight now set.",
        "shipped_date": "1975-09-01",
        "delivery_estimate": "1974-07-26"
    }
},
{
    "model": "componentes.shipmentdetail",
    "pk": 15,
    "fields": {
        "order": 13,
        "tracking_code": "Daughter source someone. Street traditional deal ability catch majority enough indeed. Network big opportunity cut.",
        "shipped_date": "2004-06-04",
        "delivery_estimate": "2008-03-14"
    }
},
{
    "model": "componentes.orderitem",
    "pk": 1,
    "fields": {
        "order": 1,
        "product": 21,
        "quantity": 1,
        "unit_price": "0.00"
    }
},
{
    "model": "componentes.orderitem",
    "pk": 2,
    "fields": {
        "order": 2,
        "product": 24,
        "quantity": 1,
        "unit_price": "0.00"
    }
},
{
    "model": "componentes.orderitem",
    "pk": 3,
    "fields": {
        "order": 2,
        "product": 19,
        "quantity": 1,
        "unit_price": "0.00"
    }
},
{
    "model": "componentes.orderitem",
    "pk": 4,
    "fields": {
        "order": 2,
        "product": 30,
        "quantity": 1,
        "unit_price": "0.00"
    }
},
{
    "model": "componentes.orderitem",
    "pk": 5,
    "fields": {
        "order": 3,
        "product": 18,
        "quantity": 1,
        "unit_price": "0.00"
    }
},
{
    "model": "componentes.orderitem",
    "pk": 6,
    "fields": {
        "order": 3,
        "product": 16,
        "quantity": 1,
        "unit_price": "0.00"
    }
},
{
    "model": "componentes.orderitem",
    "pk": 7,
    "fields": {
        "order": 3,
        "product": 30,
        "quantity": 1,
        "unit_price": "0.00"
    }
},
{
    "model": "componentes.orderitem",
    "pk": 8,
    "fields": {
        "order": 4,
        "product": 26,
        "quantity": 1,
        "unit_price": "0.00"
    }
},
{
    "model": "componentes.orderitem",
    "pk": 9,
    "fields": {
        "order": 4,
        "product": 30,
        "quantity": 1,
        "unit_price": "0.00"
    }
},
{
    "model": "componentes.orderitem",
    "pk": 10,
    "fields": {
        "order": 5,
        "product": 20,
        "quantity": 1,
        "unit_price": "0.00"
    }
},
{
    "model": "componentes.orderitem",
    "pk": 11,
    "fields": {
        "order": 5,
        "product": 19,
        "quantity": 1,
        "unit_price": "0.00"
    }
},
{
    "model": "componentes.orderitem",
    "pk": 12,
    "fields": {
        "order": 5,
        "product": 30,
        "quantity": 1,
        "unit_price": "0.00"
    }
},
{
    "model": "componentes.orderitem",
    "pk": 13,
    "fields": {
        "order": 6,
        "product": 29,
        "quantity": 1,
        "unit_price": "0.00"
    }
},
{
    "model": "componentes.orderitem",
    "pk": 14,
    "fields": {
        "order": 6,
        "product": 20,
        "quantity": 1,
        "unit_price": "0.00"
    }
},
{
    "model": "componentes.orderitem",
    "pk": 15,
    "fields": {
        "order": 6,
        "product": 16,
        "quantity": 1,
        "unit_price": "0.00"
    }
},
{
    "model": "componentes.orderitem",
    "pk": 16,
    "fields": {
        "order": 7,
        "product": 18,
        "quantity": 1,
        "unit_price": "0.00"
    }
},
{
    "model": "componentes.orderitem",
    "pk": 17,
    "fields": {
        "order": 7,
        "product": 23,
        "quantity": 1,
        "unit_price": "0.00"
    }
},
{
    "model": "componentes.orderitem",
    "pk": 18,
    "fields": {
        "order": 7,
        "product": 30,
        "quantity": 1,
        "unit_price": "0.00"
    }
},
{
    "model": "componentes.orderitem",
    "pk": 19,
    "fields": {
        "order": 7,
        "product": 21,
        "quantity": 1,
        "unit_price": "0.00"
    }
},
{
    "model": "componentes.orderitem",
    "pk": 20,
    "fields": {
        "order": 8,
        "product": 26,
        "quantity": 1,
        "unit_price": "0.00"
    }
},
{
    "model": "componentes.orderitem",
    "pk": 21,
    "fields": {
        "order": 8,
        "product": 25,
        "quantity": 1,
        "unit_price": "0.00"
    }
},
{
    "model": "componentes.orderitem",
    "pk": 22,
    "fields": {
        "order": 8,
        "product": 29,
        "quantity": 1,
        "unit_price": "0.00"
    }
},
{
    "model": "componentes.orderitem",
    "pk": 23,
    "fields": {
        "order": 9,
        "product": 17,
        "quantity": 1,
        "unit_price": "0.00"
    }
},
{
    "model": "componentes.orderitem",
    "pk": 24,
    "fields": {
        "order": 10,
        "product": 22,
        "quantity": 1,
        "unit_price": "0.00"
    }
},
{
    "model": "componentes.orderitem",
    "pk": 25,
    "fields": {
        "order": 10,
        "product": 27,
        "quantity": 1,
        "unit_price": "0.00"
    }
},
{
    "model": "componentes.orderitem",
    "pk": 26,
    "fields": {
        "order": 10,
        "product": 30,
        "quantity": 1,
        "unit_price": "0.00"
    }
},
{
    "model": "componentes.orderitem",
    "pk": 27,
    "fields": {
        "order": 10,
        "product": 24,
        "quantity": 1,
        "unit_price": "0.00"
    }
},
{
    "model": "componentes.orderitem",
    "pk": 28,
    "fields": {
        "order": 11,
        "product": 20,
        "quantity": 1,
        "unit_price": "0.00"
    }
},
{
    "model": "componentes.orderitem",
    "pk": 29,
    "fields": {
        "order": 11,
        "product": 24,
        "quantity": 1,
        "unit_price": "0.00"
    }
},
{
    "model": "componentes.orderitem",
    "pk": 30,
    "fields": {
        "order": 11,
        "product": 16,
        "quantity": 1,
        "unit_price": "0.00"
    }
},
{
    "model": "componentes.orderitem",
    "pk": 31,
    "fields": {
        "order": 12,
        "product": 29,
        "quantity": 1,
        "unit_price": "0.00"
    }
},
{
    "model": "componentes.orderitem",
    "pk": 32,
    "fields": {
        "order": 12,
        "product": 20,
        "quantity": 1,
        "unit_price": "0.00"
    }
},
{
    "model": "componentes.orderitem",
    "pk": 33,
    "fields": {
        "order": 13,
        "product": 24,
        "quantity": 1,
        "unit_price": "0.00"
    }
},
{
    "model": "componentes.orderitem",
    "pk": 34,
    "fields": {
        "order": 13,
        "product": 28,
        "quantity": 1,
        "unit_price": "0.00"
    }
},
{
    "model": "componentes.orderitem",
    "pk": 35,
    "fields": {
        "order": 13,
        "product": 27,
        "quantity": 1,
        "unit_price": "0.00"
    }
},
{
    "model": "componentes.orderitem",
    "pk": 36,
    "fields": {
        "order": 14,
        "product": 16,
        "quantity": 1,
        "unit_price": "0.00"
    }
},
{
    "model": "componentes.orderitem",
    "pk": 37,
    "fields": {
        "order": 15,
        "product": 18,
        "quantity": 1,
        "unit_price": "0.00"
    }
},
{
    "model": "componentes.orderitem",
    "pk": 38,
    "fields": {
        "order": 15,
        "product": 27,
        "quantity": 1,
        "unit_price": "0.00"
    }
},
{
    "model": "componentes.orderitem",
    "pk": 39,
    "fields": {
        "order": 14,
        "product": 20,
        "quantity": 1,
        "unit_price": "0.99"
    }
},
{
    "model": "componentes.orderitem",
    "pk": 40,
    "fields": {
        "order": 6,
        "product": 26,
        "quantity": 1,
        "unit_price": "0.67"
    }
},
{
    "model": "componentes.orderitem",
    "pk": 41,
    "fields": {
        "order": 1,
        "product": 22,
        "quantity": 1,
        "unit_price": "0.60"
    }
},
{
    "model": "componentes.orderitem",
    "pk": 42,
    "fields": {
        "order": 2,
        "product": 18,
        "quantity": 1,
        "unit_price": "0.23"
    }
},
{
    "model": "componentes.orderitem",
    "pk": 43,
    "fields": {
        "order": 9,
        "product": 28,
        "quantity": 1,
        "unit_price": "0.57"
    }
},
{
    "model": "componentes.orderitem",
    "pk": 44,
    "fields": {
        "order": 10,
        "product": 16,
        "quantity": 1,
        "unit_price": "0.14"
    }
},
{
    "model": "componentes.orderitem",
    "pk": 45,
    "fields": {
        "order": 8,
        "product": 24,
        "quantity": 1,
        "unit_price": "0.01"
    }
},
{
    "model": "componentes.orderitem",
    "pk": 46,
    "fields": {
        "order": 1,
        "product": 23,
        "quantity": 1,
        "unit_price": "0.84"
    }
},
{
    "model": "componentes.orderitem",
    "pk": 47,
    "fields": {
        "order": 12,
        "product": 19,
        "quantity": 1,
        "unit_price": "0.28"
    }
},
{
    "model": "componentes.orderitem",
    "pk": 48,
    "fields": {
        "order": 5,
        "product": 16,
        "quantity": 1,
        "unit_price": "0.06"
    }
},
{
    "model": "componentes.orderitem",
    "pk": 49,
    "fields": {
        "order": 5,
        "product": 23,
        "quantity": 1,
        "unit_price": "0.87"
    }
},
{
    "model": "componentes.orderitem",
    "pk": 50,
    "fields": {
        "order": 10,
        "product": 26,
        "quantity": 1,
        "unit_price": "0.71"
    }
},
{
    "model": "componentes.orderitem",
    "pk": 51,
    "fields": {
        "order": 2,
        "product": 25,
        "quantity": 1,
        "unit_price": "0.39"
    }
},
{
    "model": "componentes.orderitem",
    "pk": 52,
    "fields": {
        "order": 8,
        "product": 17,
        "quantity": 1,
        "unit_price": "0.18"
    }
},
{
    "model": "componentes.orderitem",
    "pk": 53,
    "fields": {
        "order": 12,
        "product": 16,
        "quantity": 1,
        "unit_price": "0.41"
    }
}
]
